Original_Score,learned_Scores,Ranking_Score_from_Postprocessing,Sensitive_Attribute
0.0,0.12455,0.12455,True
0.0,0.012240753,0.012240753,False
1.0,0.004894763,0.004894763,True
0.0,-0.4456097,-0.4456097,True
0.0,-0.35310555,-0.35310555,False
0.0,-0.18355833,-0.18355833,True
1.0,-0.16586737,-0.16586737,True
0.0,-0.15219347,-0.15219347,True
0.0,-0.13561644,-0.13561644,True
0.0,-0.035830423,-0.035830423,False
